idx,process_general,origin_region,roast,arabica_percentage,pure_arabica,washed,natural,fermented_traditional,fermented_closed_tank,brewing_method,brewing_method_binary,brewing_method_binary_num
1,Natural,Latam,medium,100,True,False,True,False,False,drip,drip,1
2,Natural,Africa,light,100,True,False,True,False,False,drip,drip,1
3,Washed,Africa,light,100,True,True,False,False,False,drip,drip,1
4,Natural,Asia,dark,100,True,False,True,False,False,drip,drip,1
5,Natural,Latam,medium,100,True,False,True,False,False,drip,drip,1
6,Washed,Africa,light,100,True,True,False,False,False,drip,drip,1
7,Fermented,Latam,light,100,True,False,False,False,True,drip,drip,1
8,Semi-washed,Latam,light,100,True,True,False,True,False,drip,drip,1
9,Washed,Latam,light,100,True,True,False,False,False,drip,drip,1
10,Honey,Latam,light,100,True,True,True,True,False,drip,drip,1
11,Honey,Latam,light,100,True,True,True,True,False,drip,drip,1
12,Natural,Latam,medium,100,True,False,True,False,False,drip,drip,1
13,Natural,Africa,light,100,True,False,True,False,False,drip,drip,1
14,Washed,Africa,light,100,True,True,False,False,False,drip,drip,1
15,Natural,Africa,light,100,True,False,True,False,False,drip,drip,1
16,Washed,Latam,light,100,True,True,False,False,False,drip,drip,1
17,Natural,Latam,light,100,True,False,True,False,False,drip,drip,1
18,Washed,Latam,light,100,True,True,False,False,False,drip,drip,1
19,Washed,Latam,light,100,True,True,False,False,False,drip,drip,1
20,Washed,Africa,medium,100,True,True,False,False,False,drip,drip,1
21,Natural,Mixed,light,100,True,False,True,False,False,drip,drip,1
23,Washed,Latam,light,100,True,True,False,False,False,drip,drip,1
24,Natural,Latam,light,100,True,False,True,False,False,drip,drip,1
25,Washed,Mixed,light,100,True,True,False,False,False,drip,drip,1
26,Washed,Africa,light,100,True,True,False,False,False,drip,drip,1
27,Fermented,Latam,light,100,True,True,False,False,True,drip,drip,1
28,Honey,Asia,light,100,True,True,True,True,False,drip,drip,1
29,Washed,Latam,light,100,True,True,False,False,False,drip,drip,1
30,Washed,Africa,light,100,True,True,False,False,False,drip,drip,1
31,Washed,Africa,light,100,True,True,False,False,False,drip,drip,1
32,Natural,Africa,light,100,True,False,True,False,False,drip,drip,1
33,Washed,Latam,light,100,True,True,False,False,False,drip,drip,1
34,Fermented,Latam,light,100,True,False,False,False,True,drip,drip,1
35,Washed,Latam,light,100,True,True,False,False,False,drip,drip,1
36,Fermented,Latam,light,100,True,False,False,False,True,drip,drip,1
37,Fermented,Latam,light,100,True,False,False,False,True,drip,drip,1
39,Washed,Africa,light,100,True,True,False,False,False,drip,drip,1
40,Fermented,Latam,light,100,True,False,True,True,False,drip,drip,1
41,Fermented,Latam,light,100,True,False,True,True,False,drip,drip,1
42,Washed,Africa,light,100,True,True,False,False,False,drip,drip,1
43,Washed,Africa,light,100,True,True,False,False,False,drip,drip,1
44,Semi-washed,Latam,light,100,True,True,False,True,False,drip,drip,1
45,Semi-washed,Latam,light,100,True,True,False,True,False,drip,drip,1
46,Washed,Africa,light,100,True,True,False,False,False,drip,drip,1
47,Washed,Africa,light,100,True,True,False,False,False,drip,drip,1
48,Semi-washed,Latam,light,100,True,True,False,True,False,drip,drip,1
49,Semi-washed,Latam,light,100,True,True,False,True,False,drip,drip,1
50,Natural,Latam,light,100,True,False,True,False,False,drip,drip,1
51,Washed,Latam,light,100,True,True,False,False,False,drip,drip,1
52,Fermented,Latam,light,100,True,False,True,True,False,drip,drip,1
53,Hybrid,Latam,light,100,True,True,True,False,False,drip,drip,1
54,Washed,Latam,light,100,True,True,False,False,False,drip,drip,1
55,Natural,Asia,light,100,True,False,True,False,False,drip,drip,1
56,Washed,Latam,light,100,True,True,False,False,False,drip,drip,1
57,Washed,Africa,light,100,True,True,False,False,False,drip,drip,1
58,Washed,Africa,light,100,True,True,False,False,False,drip,drip,1
59,Honey,Africa,light,100,True,True,True,True,False,drip,drip,1
60,Washed,Africa,light,100,True,True,False,False,False,drip,drip,1
61,Natural,Latam,light,100,True,False,True,False,False,drip,drip,1
62,Washed,Latam,light,100,True,True,False,False,False,drip,drip,1
63,Natural,Latam,light,100,True,False,True,False,False,drip,drip,1
64,Washed,Asia,light,100,True,True,False,False,False,drip,drip,1
65,Washed,Africa,light,100,True,True,False,False,False,drip,drip,1
66,Natural,Africa,light,100,True,False,True,False,False,drip,drip,1
67,Washed,Latam,light,100,True,True,False,False,False,drip,drip,1
68,Washed,Asia,light,100,True,True,False,False,False,drip,drip,1
69,Washed,Africa,light,100,True,True,False,False,False,drip,drip,1
70,Washed,Asia,light,100,True,True,False,False,False,drip,drip,1
71,Washed,Latam,light,100,True,True,False,False,False,drip,drip,1
72,Washed,Latam,light,100,True,True,False,False,False,drip,drip,1
73,Honey,Latam,light,100,True,True,True,True,False,drip,drip,1
74,Washed,Africa,light,100,True,True,False,False,False,drip,drip,1
75,Natural,Africa,light,100,True,False,True,False,False,drip,drip,1
76,Honey,Latam,light,100,True,True,True,True,False,drip,drip,1
77,Hybrid,Latam,light,100,True,True,True,False,False,drip,drip,1
78,Washed,Africa,light,100,True,True,False,False,False,drip,drip,1
79,Natural,Latam,light,100,True,False,True,False,False,drip,drip,1
80,Washed,Latam,light,100,True,True,False,False,False,drip,drip,1
81,Natural,Latam,light,100,True,False,True,False,False,drip,drip,1
82,Natural,Latam,light,100,True,False,True,False,False,drip,drip,1
83,Honey,Latam,light,100,True,True,True,True,False,drip,drip,1
84,Washed,Asia,light,100,True,True,False,False,False,drip,drip,1
85,Washed,Latam,light,100,True,True,False,False,False,drip,drip,1
86,Washed,Africa,light,100,True,True,False,False,False,drip,drip,1
87,Washed,Latam,light,100,True,True,False,False,False,drip,drip,1
88,Fermented,Latam,light,100,True,False,True,True,False,drip,drip,1
89,Natural,Latam,light,100,True,False,True,False,False,drip,drip,1
90,Washed,Africa,light,100,True,True,False,False,False,drip,drip,1
91,Natural,Latam,light,100,True,False,True,False,False,drip,drip,1
92,Washed,Africa,light,100,True,True,False,False,False,drip,drip,1
93,Washed,Latam,light,100,True,True,False,False,False,drip,drip,1
94,Washed,Africa,light,100,True,True,False,False,False,drip,drip,1
95,Washed,Latam,light,100,True,True,False,False,False,drip,drip,1
96,Natural,Africa,light,100,True,False,True,False,False,drip,drip,1
97,Washed,Africa,light,100,True,True,False,False,False,drip,drip,1
98,Fermented,Latam,light,100,True,False,False,False,False,drip,drip,1
99,Natural,Latam,light,100,True,False,True,False,False,drip,drip,1
100,Natural,Mixed,light,100,True,False,True,False,False,drip,drip,1
101,Washed,Africa,light,100,True,True,False,False,False,drip,drip,1
102,Natural,Latam,light,100,True,False,True,False,False,drip,drip,1
103,Washed,Latam,light,100,True,True,False,False,False,drip,drip,1
104,Washed,Latam,light,100,True,True,False,False,False,drip,drip,1
105,Natural,Africa,light,100,True,False,True,False,False,drip,drip,1
106,Natural,Africa,light,100,True,False,True,False,False,drip,drip,1
107,Fermented,Latam,light,100,True,False,False,True,False,drip,drip,1
108,Fermented,Latam,light,100,True,False,False,False,True,drip,drip,1
109,Washed,Africa,light,100,True,True,False,False,False,drip,drip,1
110,Natural,Africa,light,100,True,False,True,False,False,drip,drip,1
111,Honey,Africa,light,100,True,True,True,True,False,drip,drip,1
112,Fermented,Latam,light,100,True,True,False,False,True,drip,drip,1
113,Washed,Latam,light,100,True,True,False,False,False,drip,drip,1
114,Fermented,Latam,light,100,True,False,False,False,True,drip,drip,1
115,Honey,Latam,light,100,True,True,True,True,False,drip,drip,1
116,Honey,Latam,light,100,True,True,True,True,False,drip,drip,1
117,Natural,Latam,light,100,True,False,True,False,False,drip,drip,1
118,Washed,Latam,light,100,True,True,False,False,False,drip,drip,1
119,Fermented,Latam,light,100,True,False,False,False,False,drip,drip,1
120,Fermented,Mixed,light,100,True,False,False,False,False,drip,drip,1
121,Fermented,Mixed,light,100,True,False,False,False,False,drip,drip,1
122,Washed,Africa,light,100,True,True,False,False,False,drip,drip,1
123,Washed,Africa,light,100,True,True,False,False,False,drip,drip,1
124,Washed,Africa,light,100,True,True,False,False,False,drip,drip,1
125,Semi-washed,Africa,light,100,True,True,False,True,False,drip,drip,1
126,Semi-washed,Africa,light,100,True,True,False,True,False,drip,drip,1
127,Semi-washed,Africa,light,100,True,True,False,True,False,drip,drip,1
128,Semi-washed,Latam,light,100,True,True,False,True,False,drip,drip,1
129,Honey,Latam,light,100,True,True,True,True,False,drip,drip,1
130,Washed,Latam,light,100,True,True,False,False,False,drip,drip,1
131,Washed,Latam,light,100,True,True,False,False,False,drip,drip,1
132,Honey,Latam,light,100,True,True,True,True,False,drip,drip,1
133,Fermented,Latam,light,100,True,False,False,False,True,drip,drip,1
134,Washed,Africa,light,100,True,True,False,False,False,drip,drip,1
135,Natural,Africa,light,100,True,False,True,False,False,drip,drip,1
136,Washed,Africa,light,100,True,True,False,False,False,drip,drip,1
137,Washed,Latam,light,100,True,True,False,False,False,drip,drip,1
138,Washed,Africa,light,100,True,True,False,False,False,drip,drip,1
139,Washed,Africa,light,100,True,True,False,False,False,drip,drip,1
140,Natural,Latam,light,100,True,False,True,False,False,drip,drip,1
141,Honey,Latam,light,100,True,True,True,True,False,drip,drip,1
142,Natural,Latam,light,100,True,False,True,False,False,drip,drip,1
143,Fermented,Latam,light,100,True,False,True,False,True,drip,drip,1
144,Natural,Africa,light,100,True,False,True,False,False,drip,drip,1
145,Natural,Africa,light,100,True,False,True,False,False,drip,drip,1
146,Natural,Latam,light,100,True,False,True,False,False,drip,drip,1
147,Washed,Africa,light,100,True,True,False,False,False,drip,drip,1
148,Natural,Africa,light,100,True,False,True,False,False,drip,drip,1
149,Washed,Africa,light,100,True,True,False,False,False,drip,drip,1
150,Washed,Africa,light,100,True,True,False,False,False,drip,drip,1
151,Natural,Latam,light,100,True,False,True,False,False,drip,drip,1
152,Natural,Latam,light,100,True,False,True,False,False,drip,drip,1
153,Washed,Latam,light,100,True,True,False,False,False,drip,drip,1
154,Washed,Latam,light,100,True,True,False,False,False,drip,drip,1
155,Washed,Africa,light,100,True,True,False,False,False,drip,drip,1
156,Washed,Latam,light,100,True,True,False,False,False,drip,drip,1
157,Natural,Latam,light,100,True,False,True,False,False,drip,drip,1
158,Washed,Latam,light,100,True,True,False,False,False,drip,drip,1
159,Washed,Africa,light,100,True,True,False,False,False,drip,drip,1
160,Fermented,Latam,light,100,True,False,False,False,True,drip,drip,1
161,Fermented,Latam,light,100,True,False,False,False,False,drip,drip,1
162,Fermented,Latam,light,100,True,False,True,True,False,drip,drip,1
163,Fermented,Latam,light,100,True,False,True,True,False,drip,drip,1
164,Fermented,Latam,light,100,True,False,False,False,True,drip,drip,1
165,Washed,Latam,light,100,True,True,False,False,False,drip,drip,1
166,Natural,Latam,light,100,True,False,True,False,False,drip,drip,1
167,Washed,Latam,light,100,True,True,False,False,False,drip,drip,1
168,Washed,Latam,light,100,True,True,False,False,False,drip,drip,1
170,Natural,Africa,light,100,True,False,True,False,False,drip,drip,1
171,Washed,Latam,light,100,True,True,False,False,False,drip,drip,1
172,Fermented,Latam,light,100,True,False,False,False,True,drip,drip,1
173,Natural,Africa,light,100,True,False,True,False,False,drip,drip,1
174,Hybrid,Latam,medium,100,True,True,True,False,False,drip,drip,1
175,Washed,Latam,light,100,True,True,False,False,False,drip,drip,1
176,Natural,Africa,light,100,True,False,True,False,False,drip,drip,1
177,Washed,Latam,light,100,True,True,False,False,False,drip,drip,1
178,Washed,Africa,light,100,True,True,False,False,False,drip,drip,1
179,Washed,Africa,light,100,True,True,False,False,False,drip,drip,1
180,Natural,Asia,light,100,True,False,True,False,False,drip,drip,1
181,Washed,Africa,light,100,True,True,False,False,False,drip,drip,1
182,Fermented,Latam,light,100,True,False,False,False,True,drip,drip,1
183,Hybrid,Latam,light,100,True,True,True,False,False,drip,drip,1
184,Natural,Africa,light,100,True,False,True,False,False,drip,drip,1
185,Washed,Africa,light,100,True,True,False,False,False,drip,drip,1
186,Washed,Latam,light,100,True,True,False,False,False,drip,drip,1
187,Washed,Latam,light,100,True,True,False,False,False,drip,drip,1
188,Washed,Africa,light,100,True,True,False,False,False,drip,drip,1
189,Honey,Latam,light,100,True,True,True,True,False,drip,drip,1
190,Natural,Latam,light,100,True,False,True,False,False,drip,drip,1
191,Washed,Latam,light,100,True,True,False,False,False,drip,drip,1
192,Washed,Africa,light,100,True,True,False,False,False,drip,drip,1
193,Washed,Latam,light,100,True,True,False,False,False,drip,drip,1
194,Natural,Latam,light,100,True,False,True,False,False,drip,drip,1
195,Fermented,Latam,light,100,True,False,False,False,False,drip,drip,1
196,Washed,Latam,medium,100,True,True,False,False,False,drip,drip,1
197,Natural,Asia,medium,100,True,False,True,False,False,drip,drip,1
198,Washed,Latam,light,100,True,True,False,False,False,drip,drip,1
199,Washed,Africa,light,100,True,True,False,False,False,drip,drip,1
200,Washed,Africa,light,100,True,True,False,False,False,drip,drip,1
201,Natural,Africa,light,100,True,False,True,False,False,drip,drip,1
202,Fermented,Africa,light,100,True,False,False,False,False,drip,drip,1
203,Fermented,Africa,light,100,True,False,False,False,False,drip,drip,1
204,Fermented,Africa,light,100,True,False,False,False,False,drip,drip,1
205,Fermented,Africa,light,100,True,False,False,False,False,drip,drip,1
206,Semi-washed,Latam,light,100,True,True,False,True,False,drip,drip,1
207,Semi-washed,Latam,light,100,True,True,False,True,False,drip,drip,1
208,Semi-washed,Latam,light,100,True,True,False,True,False,drip,drip,1
209,Natural,Latam,light,100,True,False,True,False,False,drip,drip,1
210,Washed,Africa,light,100,True,True,False,False,False,drip,drip,1
211,Washed,Latam,light,100,True,True,False,False,False,drip,drip,1
212,Honey,Latam,light,100,True,True,True,True,False,drip,drip,1
213,Natural,Africa,light,100,True,False,True,False,False,drip,drip,1
214,Washed,Africa,light,100,True,True,False,False,False,drip,drip,1
215,Natural,Latam,light,100,True,False,True,False,False,drip,drip,1
216,Natural,Latam,light,100,True,False,True,False,False,drip,drip,1
217,Natural,Africa,light,100,True,False,True,False,False,drip,drip,1
218,Natural,Africa,light,100,True,False,True,False,False,drip,drip,1
219,Fermented,Latam,light,100,True,False,False,False,False,drip,drip,1
220,Natural,Latam,light,100,True,False,True,False,False,drip,drip,1
221,Washed,Africa,light,100,True,True,False,False,False,drip,drip,1
223,Washed,Latam,light,100,True,True,False,False,False,drip,drip,1
224,Washed,Africa,light,100,True,True,False,False,False,drip,drip,1
226,Washed,Africa,light,100,True,True,False,False,False,drip,drip,1
227,Washed,Latam,light,100,True,True,False,False,False,drip,drip,1
228,Washed,Africa,light,100,True,True,False,False,False,drip,drip,1
229,Washed,Africa,light,100,True,True,False,False,False,drip,drip,1
230,Washed,Latam,light,100,True,True,False,False,False,drip,drip,1
231,Washed,Africa,light,100,True,True,False,False,False,drip,drip,1
232,Natural,Latam,light,100,True,False,True,False,False,drip,drip,1
233,Washed,Mixed,light,100,True,True,False,False,False,drip,drip,1
234,Washed,Africa,light,100,True,True,False,False,False,drip,drip,1
235,Washed,Africa,light,100,True,True,False,False,False,drip,drip,1
236,Washed,Latam,light,100,True,True,False,False,False,drip,drip,1
237,Washed,Latam,light,100,True,True,False,False,False,drip,drip,1
238,Honey,Asia,light,100,True,True,True,True,False,drip,drip,1
239,Washed,Africa,light,100,True,True,False,False,False,drip,drip,1
240,Washed,Latam,light,100,True,True,False,False,False,drip,drip,1
241,Natural,Latam,light,100,True,False,True,False,False,drip,drip,1
242,Washed,Africa,light,100,True,True,False,False,False,drip,drip,1
243,Washed,Latam,light,100,True,True,False,False,False,drip,drip,1
244,Washed,Latam,light,100,True,True,False,False,False,drip,drip,1
245,Natural,Latam,light,100,True,False,True,False,False,drip,drip,1
246,Semi-washed,Latam,light,100,True,True,False,True,False,drip,drip,1
247,Natural,Africa,light,100,True,False,True,False,False,drip,drip,1
248,Washed,Africa,light,100,True,True,False,False,False,drip,drip,1
249,Fermented,Latam,light,100,True,False,False,False,True,drip,drip,1
250,Washed,Latam,light,100,True,True,False,False,False,drip,drip,1
251,Washed,Africa,light,100,True,True,False,False,False,drip,drip,1
252,Washed,Africa,light,100,True,True,False,False,False,drip,drip,1
253,Washed,Africa,light,100,True,True,False,False,False,drip,drip,1
254,Washed,Africa,light,100,True,True,False,False,False,drip,drip,1
255,Washed,Latam,light,100,True,True,False,False,False,drip,drip,1
256,Natural,Latam,light,100,True,False,True,False,False,drip,drip,1
257,Washed,Africa,light,100,True,True,False,False,False,drip,drip,1
258,Natural,Latam,light,100,True,False,True,False,False,drip,drip,1
259,Washed,Latam,light,100,True,True,False,False,False,drip,drip,1
260,Honey,Latam,light,100,True,True,True,True,False,drip,drip,1
261,Washed,Africa,light,100,True,True,False,False,False,drip,drip,1
262,Natural,Asia,light,100,True,False,True,False,False,drip,drip,1
263,Natural,Latam,light,100,True,False,True,False,False,drip,drip,1
264,Natural,Asia,light,100,True,False,True,False,False,drip,drip,1
265,Washed,Africa,light,100,True,True,False,False,False,drip,drip,1
266,Honey,Africa,light,100,True,True,True,True,False,drip,drip,1
267,Washed,Africa,light,100,True,True,False,False,False,drip,drip,1
268,Washed,Africa,light,100,True,True,False,False,False,drip,drip,1
269,Fermented,Africa,light,100,True,False,False,False,True,drip,drip,1
270,Natural,Africa,light,100,True,False,True,False,False,drip,drip,1
271,Washed,Asia,light,0,False,True,False,False,False,drip,drip,1
272,Washed,Latam,light,100,True,True,False,False,False,drip,drip,1
273,Natural,Latam,light,100,True,False,True,False,False,drip,drip,1
274,Washed,Latam,light,100,True,True,False,False,False,drip,drip,1
275,Natural,Latam,light,100,True,False,True,False,False,drip,drip,1
276,Washed,Africa,light,100,True,True,False,False,False,drip,drip,1
277,Washed,Latam,light,100,True,True,False,False,False,drip,drip,1
278,Natural,Africa,light,100,True,False,True,False,False,drip,drip,1
279,Washed,Africa,light,100,True,True,False,False,False,drip,drip,1
280,Natural,Latam,light,100,True,False,True,False,False,drip,drip,1
281,Washed,Latam,light,100,True,True,False,False,False,drip,drip,1
282,Washed,Africa,light,100,True,True,False,False,False,drip,drip,1
283,Natural,Latam,light,100,True,False,True,False,False,drip,drip,1
284,Washed,Latam,light,100,True,True,False,False,False,drip,drip,1
285,Washed,Africa,light,100,True,True,False,False,False,drip,drip,1
286,Natural,Latam,light,100,True,False,True,False,False,drip,drip,1
287,Honey,Latam,light,100,True,True,True,True,False,drip,drip,1
288,Honey,Latam,light,100,True,True,True,True,False,drip,drip,1
289,Natural,Africa,light,100,True,False,True,False,False,drip,drip,1
290,Washed,Latam,light,100,True,True,False,False,False,drip,drip,1
291,Washed,Latam,light,100,True,True,False,False,False,drip,drip,1
292,Natural,Asia,light,100,True,False,True,False,False,drip,drip,1
293,Natural,Latam,light,100,True,False,True,False,False,drip,drip,1
294,Honey,Latam,light,100,True,True,True,True,False,drip,drip,1
295,Natural,Latam,light,100,True,False,True,False,False,drip,drip,1
296,Honey,Latam,light,100,True,True,True,True,False,drip,drip,1
297,Natural,Africa,light,100,True,False,True,False,False,drip,drip,1
298,Natural,Latam,light,100,True,False,True,False,False,drip,drip,1
299,Natural,Latam,light,100,True,False,True,False,False,drip,drip,1
300,Natural,Latam,light,100,True,False,True,False,False,drip,drip,1
301,Washed,Africa,light,100,True,True,False,False,False,drip,drip,1
302,Natural,Africa,light,100,True,False,True,False,False,drip,drip,1
303,Washed,Africa,light,100,True,True,False,False,False,drip,drip,1
304,Natural,Latam,light,100,True,False,True,False,False,drip,drip,1
305,Natural,Africa,light,100,True,False,True,False,False,drip,drip,1
306,Washed,Latam,light,100,True,True,False,False,False,drip,drip,1
307,Natural,Latam,light,100,True,False,True,False,False,drip,drip,1
308,Honey,Latam,light,100,True,True,True,True,False,drip,drip,1
309,Washed,Africa,light,100,True,True,False,False,False,drip,drip,1
310,Honey,Africa,light,100,True,True,True,True,False,drip,drip,1
311,Natural,Africa,light,100,True,False,True,False,False,drip,drip,1
312,Semi-washed,Latam,light,100,True,True,False,True,False,drip,drip,1
313,Natural,Africa,light,100,True,False,True,False,False,drip,drip,1
314,Washed,Africa,light,100,True,True,False,False,False,drip,drip,1
315,Natural,Latam,light,100,True,False,True,False,False,drip,drip,1
316,Hybrid,Latam,light,100,True,True,True,False,False,drip,drip,1
317,Fermented,Latam,light,100,True,False,False,True,False,drip,drip,1
318,Fermented,Latam,light,100,True,False,False,False,True,drip,drip,1
319,Honey,Latam,light,100,True,True,True,True,False,drip,drip,1
320,Washed,Latam,light,100,True,True,False,False,False,drip,drip,1
321,Washed,Latam,light,100,True,True,False,False,False,drip,drip,1
322,Natural,Latam,light,100,True,False,True,False,False,drip,drip,1
323,Washed,Latam,light,100,True,True,False,False,False,drip,drip,1
324,Natural,Latam,light,100,True,False,True,False,False,drip,drip,1
325,Washed,Latam,light,100,True,True,False,False,False,drip,drip,1
326,Washed,Asia,light,100,True,True,False,False,False,drip,drip,1
327,Washed,Africa,light,100,True,True,False,False,False,drip,drip,1
328,Washed,Latam,light,100,True,True,False,False,False,drip,drip,1
329,Washed,Latam,light,100,True,True,False,False,False,drip,drip,1
330,Washed,Latam,light,100,True,True,False,False,False,drip,drip,1
332,Honey,Latam,light,100,True,True,True,True,False,drip,drip,1
333,Washed,Latam,light,100,True,True,False,False,False,drip,drip,1
334,Fermented,Latam,light,100,True,False,True,False,True,drip,drip,1
335,Natural,Latam,light,100,True,False,True,False,False,drip,drip,1
336,Natural,Mixed,medium,100,True,False,True,False,False,drip,drip,1
337,Honey,Latam,light,100,True,True,True,True,False,drip,drip,1
338,Fermented,Africa,light,100,True,False,False,False,True,drip,drip,1
339,Washed,Latam,light,100,True,True,False,False,False,drip,drip,1
340,Washed,Latam,light,100,True,True,False,False,False,drip,drip,1
341,Natural,Africa,light,100,True,False,True,False,False,drip,drip,1
342,Washed,Latam,light,100,True,True,False,False,False,drip,drip,1
343,Fermented,Asia,light,100,True,True,False,False,True,drip,drip,1
344,Fermented,Latam,light,100,True,False,False,False,True,drip,drip,1
345,Fermented,Latam,light,100,True,False,False,False,True,drip,drip,1
346,Washed,Latam,light,100,True,True,False,False,False,drip,drip,1
347,Washed,Latam,light,100,True,True,False,False,False,drip,drip,1
348,Natural,Latam,light,100,True,False,True,False,False,drip,drip,1
349,Natural,Latam,light,100,True,False,True,False,False,drip,drip,1
350,Natural,Latam,light,100,True,False,True,False,False,drip,drip,1
351,Fermented,Latam,light,100,True,False,False,False,False,drip,drip,1
352,Fermented,Latam,light,100,True,True,False,False,True,drip,drip,1
353,Fermented,Latam,light,100,True,False,False,False,True,drip,drip,1
354,Fermented,Latam,light,100,True,False,False,False,True,drip,drip,1
355,Fermented,Latam,light,100,True,False,False,False,True,drip,drip,1
356,Washed,Latam,light,100,True,True,False,False,False,drip,drip,1
357,Washed,Africa,light,100,True,True,False,False,False,drip,drip,1
358,Washed,Africa,light,100,True,True,False,False,False,drip,drip,1
359,Washed,Latam,light,100,True,True,False,False,False,drip,drip,1
360,Washed,Africa,light,100,True,True,False,False,False,drip,drip,1
361,Washed,Latam,light,100,True,True,False,False,False,drip,drip,1
362,Washed,Africa,light,100,True,True,False,False,False,drip,drip,1
363,Washed,Africa,light,100,True,True,False,False,False,drip,drip,1
364,Washed,Africa,light,100,True,True,False,False,False,drip,drip,1
365,Natural,Latam,light,100,True,False,True,False,False,drip,drip,1
366,Washed,Africa,light,100,True,True,False,False,False,drip,drip,1
367,Washed,Latam,light,100,True,True,False,False,False,drip,drip,1
368,Washed,Latam,light,100,True,True,False,False,False,drip,drip,1
369,Washed,Latam,light,100,True,True,False,False,False,drip,drip,1
370,Washed,Africa,light,100,True,True,False,False,False,drip,drip,1
371,Washed,Latam,light,100,True,True,False,False,False,drip,drip,1
372,Washed,Latam,light,100,True,True,False,False,False,drip,drip,1
373,Washed,Africa,light,100,True,True,False,False,False,drip,drip,1
374,Fermented,Latam,light,100,True,False,False,False,True,drip,drip,1
375,Natural,Africa,light,100,True,False,True,False,False,drip,drip,1
376,Washed,Africa,light,100,True,True,False,False,False,drip,drip,1
377,Natural,Latam,light,100,True,False,True,False,False,drip,drip,1
378,Washed,Africa,light,100,True,True,False,False,False,drip,drip,1
379,Washed,Latam,light,100,True,True,False,False,False,drip,drip,1
380,Natural,Latam,light,100,True,False,True,False,False,drip,drip,1
381,Natural,Latam,dark,100,True,False,True,False,False,"drip, espresso",drip,1
382,Fermented,Africa,medium,100,True,False,False,False,False,"drip, espresso",drip,1
383,Natural,Mixed,medium,100,True,False,True,False,False,"drip, espresso",drip,1
384,Natural,Africa,medium,100,True,False,True,False,False,"drip, espresso",drip,1
385,Natural,Mixed,medium,100,True,False,True,False,False,"drip, espresso",drip,1
386,Natural,Mixed,medium,100,True,False,True,False,False,"drip, espresso",drip,1
387,Fermented,Africa,medium,100,True,False,False,False,False,"drip, espresso",drip,1
388,Fermented,Africa,medium,100,True,False,False,False,False,"drip, espresso",drip,1
389,Washed,Latam,medium,100,True,True,False,False,False,"drip, espresso",drip,1
390,Natural,Latam,light,100,True,False,True,False,False,"drip, espresso",drip,1
391,Natural,Latam,medium,100,True,False,True,False,False,"drip, espresso",drip,1
392,Natural,Latam,medium,100,True,False,True,False,False,"drip, espresso",drip,1
393,Washed,Latam,medium,100,True,True,False,False,False,"drip, espresso",drip,1
394,Washed,Africa,light,100,True,True,False,False,False,"drip, espresso",drip,1
395,Washed,Africa,light,100,True,True,False,False,False,"drip, espresso",drip,1
396,Natural,Latam,medium,100,True,False,True,False,False,"drip, espresso",drip,1
397,Washed,Latam,medium,100,True,True,False,False,False,"drip, espresso",drip,1
398,Natural,Latam,medium,100,True,False,True,False,False,"drip, espresso",drip,1
399,Washed,Latam,medium,100,True,True,False,False,False,"drip, espresso",drip,1
400,Semi-washed,Asia,medium,100,True,True,False,True,False,"drip, espresso",drip,1
401,Fermented,Latam,medium,100,True,False,False,False,False,"drip, espresso",drip,1
402,Washed,Latam,medium,100,True,True,False,False,False,"drip, espresso",drip,1
403,Natural,Latam,medium,100,True,False,True,False,False,"drip, espresso",drip,1
404,Washed,Africa,medium,100,True,True,False,False,False,"drip, espresso",drip,1
405,Natural,Africa,medium,100,True,False,True,False,False,"drip, espresso",drip,1
406,Fermented,Latam,medium,100,True,False,False,False,False,"drip, espresso",drip,1
407,Natural,Latam,medium,100,True,False,True,False,False,"drip, espresso",drip,1
408,Washed,Africa,light,100,True,True,False,False,False,"drip, espresso",drip,1
409,Washed,Latam,light,100,True,True,False,False,False,"drip, espresso",drip,1
410,Natural,Latam,light,100,True,False,True,False,False,"drip, espresso",drip,1
411,Fermented,Latam,medium,100,True,True,False,False,True,"drip, espresso",drip,1
412,Hybrid,Latam,medium,100,True,True,True,False,False,"drip, espresso",drip,1
413,Washed,Africa,medium,100,True,True,False,False,False,"drip, espresso",drip,1
414,Natural,Africa,medium,100,True,False,True,False,False,"drip, espresso",drip,1
415,Fermented,Latam,medium,100,True,False,False,False,True,"drip, espresso",drip,1
416,Natural,Latam,dark,100,True,False,True,False,False,"drip, espresso",drip,1
417,Fermented,Africa,medium,100,True,False,False,False,False,"drip, espresso",drip,1
418,Fermented,Africa,medium,100,True,False,False,False,False,"drip, espresso",drip,1
419,Washed,Latam,medium,100,True,True,False,False,False,"drip, espresso",drip,1
420,Washed,Latam,medium,100,True,True,False,False,False,"drip, espresso",drip,1
421,Washed,Africa,medium,100,True,True,False,False,False,"drip, espresso",drip,1
422,Washed,Latam,medium,100,True,True,False,False,False,"drip, espresso",drip,1
423,Natural,Latam,medium,100,True,False,True,False,False,"drip, espresso",drip,1
424,Honey,Latam,medium,100,True,True,True,True,False,"drip, espresso",drip,1
425,Natural,Africa,light,100,True,False,True,False,False,"drip, espresso",drip,1
426,Fermented,Mixed,medium,100,True,True,False,False,True,"drip, espresso",drip,1
427,Honey,Latam,medium,100,True,True,True,True,False,"drip, espresso",drip,1
428,Natural,Latam,medium,100,True,False,True,False,False,"drip, espresso",drip,1
429,Washed,Latam,medium,100,True,True,False,False,False,"drip, espresso",drip,1
430,Washed,Latam,medium,100,True,True,False,False,False,"drip, espresso",drip,1
431,Washed,Africa,light,100,True,True,False,False,False,"drip, espresso",drip,1
432,Fermented,Latam,medium,100,True,False,True,False,True,"drip, espresso",drip,1
433,Washed,Latam,medium,100,True,True,False,False,False,"drip, espresso",drip,1
434,Natural,Latam,medium,100,True,False,True,False,False,"drip, espresso",drip,1
435,Washed,Latam,medium,100,True,True,False,False,False,"drip, espresso",drip,1
436,Washed,Africa,medium,100,True,True,False,False,False,"drip, espresso",drip,1
437,Natural,Latam,medium,100,True,False,True,False,False,"drip, espresso",drip,1
438,Honey,Latam,medium,100,True,True,True,True,False,"drip, espresso",drip,1
439,Natural,Latam,medium,100,True,False,True,False,False,"drip, espresso",drip,1
440,Washed,Africa,medium,100,True,True,False,False,False,"drip, espresso",drip,1
441,Washed,Africa,medium,100,True,True,False,False,False,"drip, espresso",drip,1
442,Honey,Asia,medium,100,True,True,True,True,False,"drip, espresso",drip,1
443,Washed,Africa,medium,100,True,True,False,False,False,"drip, espresso",drip,1
444,Natural,Africa,medium,100,True,False,True,False,False,"drip, espresso",drip,1
445,Fermented,Latam,medium,100,True,False,False,False,True,"drip, espresso",drip,1
446,Hybrid,Latam,medium,100,True,True,True,False,False,"drip, espresso",drip,1
447,Honey,Latam,medium,100,True,True,True,True,False,"drip, espresso",drip,1
448,Natural,Latam,medium,100,True,False,True,False,False,"drip, espresso",drip,1
449,Washed,Africa,medium,100,True,True,False,False,False,"drip, espresso",drip,1
450,Honey,Latam,medium,100,True,True,True,True,False,"drip, espresso",drip,1
451,Fermented,Latam,medium,100,True,False,False,True,False,"drip, espresso",drip,1
452,Natural,Africa,medium,100,True,False,True,False,False,"drip, espresso",drip,1
453,Natural,Africa,medium,100,True,False,True,False,False,espresso,espresso,0
454,Natural,Africa,medium,100,True,False,True,False,False,espresso,espresso,0
455,Hybrid,Mixed,medium,100,True,True,True,False,False,espresso,espresso,0
458,Hybrid,Mixed,medium,100,True,True,True,False,False,espresso,espresso,0
459,Natural,Africa,medium,50,False,False,True,False,False,espresso,espresso,0
462,Hybrid,Mixed,medium,100,True,True,True,False,False,espresso,espresso,0
463,Hybrid,Mixed,medium,100,True,True,True,False,False,espresso,espresso,0
464,Washed,Latam,medium,100,True,True,False,False,False,espresso,espresso,0
465,Fermented,Latam,medium,100,True,False,False,False,False,espresso,espresso,0
466,Hybrid,Mixed,medium,100,True,True,True,False,False,espresso,espresso,0
468,Natural,Latam,medium,100,True,False,True,False,False,espresso,espresso,0
469,Washed,Africa,medium,100,True,True,False,False,False,espresso,espresso,0
470,Washed,Africa,medium,100,True,True,False,False,False,espresso,espresso,0
471,Washed,Latam,medium,100,True,True,False,False,False,espresso,espresso,0
472,Washed,Latam,medium,100,True,True,False,False,False,espresso,espresso,0
473,Natural,Latam,medium,100,True,False,True,False,False,espresso,espresso,0
474,Fermented,Mixed,dark,100,True,True,False,False,True,espresso,espresso,0
475,Hybrid,Mixed,medium,50,False,True,True,False,False,espresso,espresso,0
476,Fermented,Mixed,dark,100,True,True,False,False,True,espresso,espresso,0
477,Fermented,Mixed,dark,100,True,True,False,False,True,espresso,espresso,0
478,Fermented,Mixed,dark,100,True,True,False,False,True,espresso,espresso,0
479,Natural,Africa,medium,60,False,False,True,False,False,espresso,espresso,0
480,Washed,Latam,medium,100,True,True,False,False,False,espresso,espresso,0
481,Natural,Mixed,dark,80,False,False,True,False,False,espresso,espresso,0
482,Fermented,Mixed,dark,100,True,True,False,False,True,espresso,espresso,0
483,Natural,Latam,medium,100,True,False,True,False,False,espresso,espresso,0
484,Natural,Latam,medium,100,True,False,True,False,False,espresso,espresso,0
485,Natural,Latam,medium,100,True,False,True,False,False,espresso,espresso,0
486,Natural,Latam,medium,100,True,False,True,False,False,espresso,espresso,0
487,Natural,Mixed,medium,100,True,False,True,False,False,espresso,espresso,0
489,Fermented,Mixed,dark,100,True,True,False,False,True,espresso,espresso,0
490,Washed,Latam,medium,100,True,True,False,False,False,espresso,espresso,0
491,Natural,Latam,dark,60,False,False,True,False,False,espresso,espresso,0
492,Natural,Latam,medium,100,True,False,True,False,False,espresso,espresso,0
493,Washed,Latam,medium,100,True,True,False,False,False,espresso,espresso,0
494,Washed,Latam,medium,100,True,True,False,False,False,espresso,espresso,0
495,Washed,Latam,medium,100,True,True,False,False,False,espresso,espresso,0
496,Fermented,Latam,dark,100,True,True,False,False,True,espresso,espresso,0
497,Fermented,Mixed,dark,80,False,False,False,False,False,espresso,espresso,0
498,Fermented,Mixed,dark,100,True,True,False,False,True,espresso,espresso,0
499,Fermented,Latam,dark,75,False,False,False,False,False,espresso,espresso,0
500,Fermented,Latam,dark,75,False,False,False,False,False,espresso,espresso,0
501,Fermented,Latam,dark,75,False,False,False,False,False,espresso,espresso,0
502,Natural,Latam,dark,90,False,False,True,False,False,espresso,espresso,0
503,Washed,Mixed,dark,100,True,True,False,False,False,espresso,espresso,0
504,Fermented,Mixed,dark,100,True,True,False,False,True,espresso,espresso,0
505,Fermented,Mixed,dark,100,True,True,False,False,True,espresso,espresso,0
506,Fermented,Mixed,dark,100,True,True,False,False,True,espresso,espresso,0
507,Washed,Mixed,medium,100,True,True,False,False,False,espresso,espresso,0
508,Washed,Mixed,medium,100,True,True,False,False,False,espresso,espresso,0
509,Hybrid,Latam,medium,100,True,True,True,False,False,espresso,espresso,0
510,Hybrid,Latam,medium,100,True,True,True,False,False,espresso,espresso,0
511,Washed,Latam,medium,100,True,True,False,False,False,espresso,espresso,0
512,Washed,Latam,medium,100,True,True,False,False,False,espresso,espresso,0
513,Natural,Africa,medium,100,True,False,True,False,False,espresso,espresso,0
514,Natural,Africa,medium,100,True,False,True,False,False,espresso,espresso,0
515,Washed,Africa,medium,100,True,True,False,False,False,espresso,espresso,0
516,Washed,Africa,medium,100,True,True,False,False,False,espresso,espresso,0
517,Natural,Mixed,medium,100,True,False,True,False,False,espresso,espresso,0
518,Natural,Mixed,medium,100,True,False,True,False,False,espresso,espresso,0
519,Natural,Mixed,medium,100,True,False,True,False,False,espresso,espresso,0
520,Natural,Mixed,medium,100,True,False,True,False,False,espresso,espresso,0
521,Natural,Mixed,dark,100,True,False,True,False,False,espresso,espresso,0
522,Natural,Mixed,dark,100,True,False,True,False,False,espresso,espresso,0
523,Natural,Mixed,medium,100,True,False,True,False,False,espresso,espresso,0
524,Hybrid,Mixed,medium,100,True,True,True,False,False,espresso,espresso,0
525,Fermented,Mixed,dark,100,True,False,False,False,False,espresso,espresso,0
526,Fermented,Mixed,dark,100,True,False,False,False,False,espresso,espresso,0
527,Hybrid,Latam,medium,100,True,True,True,False,False,espresso,espresso,0
528,Hybrid,Latam,medium,100,True,True,True,False,False,espresso,espresso,0
529,Natural,Latam,medium,100,True,False,True,False,False,espresso,espresso,0
530,Natural,Latam,medium,100,True,False,True,False,False,espresso,espresso,0
531,Natural,Latam,medium,100,True,False,True,False,False,espresso,espresso,0
532,Fermented,Mixed,dark,80,False,True,False,False,True,espresso,espresso,0
533,Fermented,Mixed,dark,80,False,True,False,False,True,espresso,espresso,0
534,Fermented,Mixed,dark,80,False,True,False,False,True,espresso,espresso,0
535,Washed,Mixed,medium,100,True,True,False,False,False,espresso,espresso,0
536,Washed,Mixed,medium,100,True,True,False,False,False,espresso,espresso,0
537,Washed,Mixed,medium,100,True,True,False,False,False,espresso,espresso,0
538,Natural,Latam,medium,100,True,False,True,False,False,espresso,espresso,0
539,Natural,Latam,medium,100,True,False,True,False,False,espresso,espresso,0
540,Natural,Latam,medium,100,True,False,True,False,False,espresso,espresso,0
541,Natural,Latam,medium,100,True,False,True,False,False,espresso,espresso,0
542,Washed,Latam,medium,100,True,True,False,False,False,espresso,espresso,0
543,Hybrid,Africa,medium,100,True,True,True,False,False,espresso,espresso,0
544,Hybrid,Africa,medium,100,True,True,True,False,False,espresso,espresso,0
545,Washed,Latam,medium,100,True,True,False,False,False,espresso,espresso,0
546,Washed,Latam,medium,100,True,True,False,False,False,espresso,espresso,0
547,Washed,Latam,medium,100,True,True,False,False,False,espresso,espresso,0
548,Washed,Latam,medium,100,True,True,False,False,False,espresso,espresso,0
549,Fermented,Latam,dark,100,True,False,False,False,False,espresso,espresso,0
550,Washed,Latam,dark,100,True,True,False,False,False,espresso,espresso,0
551,Fermented,Africa,dark,100,True,False,False,False,False,espresso,espresso,0
552,Washed,Latam,dark,100,True,True,False,False,False,espresso,espresso,0
553,Washed,Mixed,dark,100,True,True,False,False,False,espresso,espresso,0
554,Washed,Mixed,dark,100,True,True,False,False,False,espresso,espresso,0
555,Washed,Mixed,dark,100,True,True,False,False,False,espresso,espresso,0
556,Fermented,Mixed,dark,100,True,True,False,False,True,espresso,espresso,0
557,Washed,Mixed,dark,100,True,True,False,False,False,espresso,espresso,0
558,Fermented,Mixed,dark,100,True,True,False,False,True,espresso,espresso,0
559,Natural,Latam,dark,92,False,False,True,False,False,espresso,espresso,0
560,Natural,Latam,dark,92,False,False,True,False,False,espresso,espresso,0
561,Natural,Latam,dark,90,False,False,True,False,False,espresso,espresso,0
562,Washed,Mixed,dark,100,True,True,False,False,False,espresso,espresso,0
563,Washed,Mixed,dark,100,True,True,False,False,False,espresso,espresso,0
564,Fermented,Mixed,dark,100,True,True,False,False,True,espresso,espresso,0
565,Fermented,Mixed,dark,100,True,True,False,False,True,espresso,espresso,0
566,Hybrid,Asia,dark,50,False,True,True,False,False,espresso,espresso,0
567,Natural,Latam,dark,50,False,False,True,False,False,espresso,espresso,0
568,Natural,Latam,dark,50,False,False,True,False,False,espresso,espresso,0
569,Fermented,Mixed,dark,80,False,False,False,False,False,espresso,espresso,0
570,Natural,Mixed,dark,80,False,False,True,False,False,espresso,espresso,0
571,Natural,Mixed,dark,80,False,False,True,False,False,espresso,espresso,0
572,Natural,Latam,dark,50,False,False,True,False,False,espresso,espresso,0
573,Fermented,Mixed,dark,100,True,True,False,False,True,espresso,espresso,0
574,Natural,Latam,dark,70,False,False,True,False,False,espresso,espresso,0
575,Natural,Latam,dark,90,False,False,True,False,False,espresso,espresso,0
576,Natural,Africa,medium,100,True,False,True,False,False,espresso,espresso,0
577,Natural,Africa,medium,100,True,False,True,False,False,espresso,espresso,0
578,Hybrid,Mixed,medium,100,True,True,True,False,False,espresso,espresso,0
579,Hybrid,Mixed,medium,50,False,True,True,False,False,espresso,espresso,0
580,Hybrid,Mixed,medium,100,True,True,True,False,False,espresso,espresso,0
581,Hybrid,Mixed,medium,50,False,True,True,False,False,espresso,espresso,0
582,Hybrid,Mixed,medium,50,False,True,True,False,False,espresso,espresso,0
583,Hybrid,Mixed,medium,100,True,True,True,False,False,espresso,espresso,0
584,Hybrid,Mixed,medium,100,True,True,True,False,False,espresso,espresso,0
585,Natural,Latam,dark,50,False,False,True,False,False,espresso,espresso,0
586,Natural,Latam,dark,40,False,False,True,False,False,espresso,espresso,0
587,Washed,Mixed,dark,30,False,True,False,False,False,espresso,espresso,0
588,Natural,Latam,dark,60,False,False,True,False,False,espresso,espresso,0
589,Fermented,Mixed,dark,100,True,True,False,False,True,espresso,espresso,0
590,Washed,Mixed,dark,100,True,True,False,False,False,espresso,espresso,0
591,Washed,Mixed,dark,100,True,True,False,False,False,espresso,espresso,0
592,Fermented,Mixed,dark,100,True,True,False,False,True,espresso,espresso,0
593,Hybrid,Mixed,dark,40,False,True,True,False,False,espresso,espresso,0
594,Natural,Latam,dark,40,False,False,True,False,False,espresso,espresso,0
595,Natural,Latam,dark,40,False,False,True,False,False,espresso,espresso,0
596,Natural,Latam,dark,40,False,False,True,False,False,espresso,espresso,0
597,Natural,Latam,dark,90,False,False,True,False,False,espresso,espresso,0
598,Fermented,Mixed,dark,78,False,True,False,False,True,espresso,espresso,0
599,Natural,Latam,dark,85,False,False,True,False,False,espresso,espresso,0
600,Natural,Latam,dark,85,False,False,True,False,False,espresso,espresso,0
601,Washed,Latam,dark,100,True,True,False,False,False,espresso,espresso,0
602,Natural,Latam,dark,100,True,False,True,False,False,espresso,espresso,0
603,Natural,Latam,dark,100,True,False,True,False,False,espresso,espresso,0
604,Washed,Africa,dark,100,True,True,False,False,False,espresso,espresso,0
605,Washed,Africa,dark,100,True,True,False,False,False,espresso,espresso,0
606,Washed,Africa,dark,100,True,True,False,False,False,espresso,espresso,0
607,Washed,Mixed,dark,100,True,True,False,False,False,espresso,espresso,0
608,Washed,Mixed,dark,100,True,True,False,False,False,espresso,espresso,0
609,Washed,Mixed,dark,75,False,True,False,False,False,espresso,espresso,0
610,Fermented,Latam,dark,100,True,False,False,False,False,espresso,espresso,0
611,Natural,Latam,dark,100,True,False,True,False,False,espresso,espresso,0
612,Washed,Mixed,dark,100,True,True,False,False,False,espresso,espresso,0
613,Fermented,Mixed,dark,100,True,True,False,False,True,espresso,espresso,0
614,Fermented,Mixed,dark,80,False,False,False,False,False,espresso,espresso,0
615,Natural,Mixed,dark,80,False,False,True,False,False,espresso,espresso,0
616,Natural,Latam,dark,60,False,False,True,False,False,espresso,espresso,0
617,Natural,Latam,dark,90,False,False,True,False,False,espresso,espresso,0
618,Natural,Latam,dark,60,False,False,True,False,False,espresso,espresso,0
619,Natural,Latam,dark,55,False,False,True,False,False,espresso,espresso,0
620,Washed,Mixed,dark,100,True,True,False,False,False,espresso,espresso,0
621,Natural,Latam,dark,60,False,False,True,False,False,espresso,espresso,0
622,Natural,Africa,medium,70,False,False,True,False,False,espresso,espresso,0
623,Natural,Africa,medium,80,False,False,True,False,False,espresso,espresso,0
624,Natural,Africa,medium,80,False,False,True,False,False,espresso,espresso,0
625,Fermented,Asia,medium,70,False,False,False,False,False,espresso,espresso,0
626,Hybrid,Mixed,medium,60,False,True,True,False,False,espresso,espresso,0
627,Fermented,Latam,medium,100,True,False,False,False,False,espresso,espresso,0
628,Washed,Mixed,dark,100,True,True,False,False,False,espresso,espresso,0
629,Washed,Latam,medium,100,True,True,False,False,False,espresso,espresso,0
630,Fermented,Mixed,dark,100,True,True,False,False,True,espresso,espresso,0
631,Natural,Africa,medium,100,True,False,True,False,False,espresso,espresso,0
632,Fermented,Mixed,dark,100,True,True,False,False,True,espresso,espresso,0
633,Natural,Latam,dark,40,False,False,True,False,False,espresso,espresso,0
634,Natural,Latam,dark,60,False,False,True,False,False,espresso,espresso,0
635,Natural,Latam,dark,40,False,False,True,False,False,espresso,espresso,0
636,Natural,Latam,dark,90,False,False,True,False,False,espresso,espresso,0
637,Natural,Latam,medium,100,True,False,True,False,False,espresso,espresso,0
638,Hybrid,Mixed,medium,100,True,True,True,False,False,espresso,espresso,0
639,Hybrid,Mixed,medium,100,True,True,True,False,False,espresso,espresso,0
640,Hybrid,Mixed,medium,100,True,True,True,False,False,espresso,espresso,0
641,Washed,Mixed,medium,100,True,True,False,False,False,espresso,espresso,0
642,Natural,Latam,medium,100,True,False,True,False,False,espresso,espresso,0
643,Natural,Latam,medium,100,True,False,True,False,False,espresso,espresso,0
644,Washed,Mixed,dark,30,False,True,False,False,False,espresso,espresso,0
645,Natural,Latam,dark,50,False,False,True,False,False,espresso,espresso,0
646,Washed,Mixed,dark,100,True,True,False,False,False,espresso,espresso,0
647,Fermented,Latam,medium,100,True,False,False,False,False,espresso,espresso,0
648,Washed,Mixed,dark,30,False,True,False,False,False,espresso,espresso,0
649,Hybrid,Asia,dark,50,False,True,True,False,False,espresso,espresso,0
650,Natural,Latam,dark,50,False,False,True,False,False,espresso,espresso,0
651,Natural,Latam,dark,30,False,False,True,False,False,espresso,espresso,0
652,Fermented,Mixed,dark,100,True,True,False,False,True,espresso,espresso,0
653,Natural,Latam,dark,60,False,False,True,False,False,espresso,espresso,0
654,Fermented,Latam,dark,75,False,False,False,False,False,espresso,espresso,0
655,Natural,Latam,dark,10,False,False,True,False,False,espresso,espresso,0
656,Natural,Latam,medium,100,True,False,True,False,False,espresso,espresso,0
657,Hybrid,Mixed,medium,100,True,True,True,False,False,espresso,espresso,0
658,Washed,Asia,medium,100,True,True,False,False,False,espresso,espresso,0
659,Washed,Latam,medium,100,True,True,False,False,False,espresso,espresso,0
660,Natural,Latam,medium,100,True,False,True,False,False,espresso,espresso,0
661,Natural,Latam,medium,100,True,False,True,False,False,espresso,espresso,0
662,Natural,Latam,medium,100,True,False,True,False,False,espresso,espresso,0
663,Natural,Latam,medium,100,True,False,True,False,False,espresso,espresso,0
664,Natural,Latam,medium,100,True,False,True,False,False,espresso,espresso,0
665,Natural,Latam,medium,100,True,False,True,False,False,espresso,espresso,0
666,Hybrid,Latam,medium,100,True,True,True,False,False,espresso,espresso,0
667,Hybrid,Latam,medium,100,True,True,True,False,False,espresso,espresso,0
668,Honey,Latam,medium,100,True,True,True,True,False,espresso,espresso,0
669,Fermented,Latam,dark,75,False,False,False,False,False,espresso,espresso,0
670,Washed,Latam,medium,100,True,True,False,False,False,espresso,espresso,0
671,Washed,Latam,medium,100,True,True,False,False,False,espresso,espresso,0
672,Washed,Latam,medium,100,True,True,False,False,False,espresso,espresso,0
673,Washed,Latam,dark,100,True,True,False,False,False,espresso,espresso,0
674,Natural,Africa,medium,100,True,False,True,False,False,espresso,espresso,0
675,Fermented,Mixed,medium,100,True,True,False,False,True,espresso,espresso,0
676,Natural,Mixed,medium,100,True,False,True,False,False,espresso,espresso,0
677,Natural,Latam,medium,100,True,False,True,False,False,espresso,espresso,0
678,Natural,Latam,medium,100,True,False,True,False,False,espresso,espresso,0
679,Hybrid,Mixed,medium,100,True,True,True,False,False,espresso,espresso,0
680,Washed,Latam,medium,100,True,True,False,False,False,espresso,espresso,0
681,Washed,Latam,medium,100,True,True,False,False,False,espresso,espresso,0
682,Washed,Latam,medium,100,True,True,False,False,False,espresso,espresso,0
683,Washed,Latam,medium,100,True,True,False,False,False,espresso,espresso,0
684,Natural,Latam,medium,100,True,False,True,False,False,espresso,espresso,0
685,Natural,Latam,dark,100,True,False,True,False,False,espresso,espresso,0
686,Natural,Latam,dark,100,True,False,True,False,False,espresso,espresso,0
687,Washed,Latam,medium,100,True,True,False,False,False,espresso,espresso,0
688,Washed,Latam,medium,100,True,True,False,False,False,espresso,espresso,0
689,Washed,Latam,medium,100,True,True,False,False,False,espresso,espresso,0
690,Semi-washed,Latam,dark,100,True,True,False,True,False,espresso,espresso,0
691,Semi-washed,Latam,dark,100,True,True,False,True,False,espresso,espresso,0
692,Fermented,Mixed,dark,100,True,True,False,False,True,espresso,espresso,0
693,Natural,Latam,dark,92,False,False,True,False,False,espresso,espresso,0
694,Natural,Mixed,dark,80,False,False,True,False,False,espresso,espresso,0
695,Washed,Latam,medium,100,True,True,False,False,False,espresso,espresso,0
696,Natural,Africa,medium,100,True,False,True,False,False,espresso,espresso,0
697,Natural,Latam,dark,65,False,False,True,False,False,espresso,espresso,0
698,Natural,Latam,dark,35,False,False,True,False,False,espresso,espresso,0
699,Natural,Latam,medium,100,True,False,True,False,False,espresso,espresso,0
700,Natural,Latam,medium,100,True,False,True,False,False,espresso,espresso,0
701,Natural,Latam,medium,100,True,False,True,False,False,espresso,espresso,0
702,Washed,Latam,medium,100,True,True,False,False,False,espresso,espresso,0
703,Washed,Latam,medium,100,True,True,False,False,False,espresso,espresso,0
704,Washed,Latam,medium,100,True,True,False,False,False,espresso,espresso,0
705,Washed,Mixed,dark,100,True,True,False,False,False,espresso,espresso,0
706,Fermented,Mixed,dark,100,True,True,False,False,True,espresso,espresso,0
707,Washed,Mixed,dark,100,True,True,False,False,False,espresso,espresso,0
708,Fermented,Mixed,dark,100,True,True,False,False,True,espresso,espresso,0
709,Fermented,Mixed,dark,100,True,True,False,False,True,espresso,espresso,0
710,Fermented,Latam,dark,100,True,False,False,False,False,espresso,espresso,0
711,Fermented,Latam,dark,70,False,True,False,False,True,espresso,espresso,0
712,Washed,Latam,dark,100,True,True,False,False,False,espresso,espresso,0
713,Natural,Latam,dark,100,True,False,True,False,False,espresso,espresso,0
714,Natural,Latam,dark,100,True,False,True,False,False,espresso,espresso,0
715,Natural,Africa,dark,100,True,False,True,False,False,espresso,espresso,0
716,Fermented,Africa,dark,100,True,False,False,False,False,espresso,espresso,0
717,Fermented,Africa,dark,100,True,False,False,False,False,espresso,espresso,0
718,Washed,Latam,dark,100,True,True,False,False,False,espresso,espresso,0
719,Washed,Latam,dark,100,True,True,False,False,False,espresso,espresso,0
720,Washed,Latam,dark,100,True,True,False,False,False,espresso,espresso,0
721,Washed,Mixed,dark,100,True,True,False,False,False,espresso,espresso,0
722,Hybrid,Mixed,medium,100,True,True,True,False,False,espresso,espresso,0
723,Natural,Latam,medium,100,True,False,True,False,False,espresso,espresso,0
724,Washed,Latam,medium,100,True,True,False,False,False,espresso,espresso,0
725,Fermented,Mixed,dark,100,True,True,False,False,True,espresso,espresso,0
726,Fermented,Mixed,dark,100,True,True,False,False,True,espresso,espresso,0
727,Natural,Africa,medium,80,False,False,True,False,False,espresso,espresso,0
728,Washed,Mixed,medium,100,True,True,False,False,False,espresso,espresso,0
729,Natural,Africa,medium,100,True,False,True,False,False,espresso,espresso,0
730,Natural,Africa,medium,100,True,False,True,False,False,espresso,espresso,0
731,Washed,Latam,medium,100,True,True,False,False,False,espresso,espresso,0
732,Washed,Latam,medium,100,True,True,False,False,False,espresso,espresso,0
733,Washed,Mixed,medium,100,True,True,False,False,False,espresso,espresso,0
734,Hybrid,Latam,dark,100,True,True,True,False,False,espresso,espresso,0
735,Washed,Latam,medium,100,True,True,False,False,False,espresso,espresso,0
736,Washed,Latam,medium,100,True,True,False,False,False,espresso,espresso,0
737,Natural,Latam,medium,100,True,False,True,False,False,espresso,espresso,0
738,Washed,Latam,medium,100,True,True,False,False,False,espresso,espresso,0
739,Washed,Mixed,dark,100,True,True,False,False,False,espresso,espresso,0
740,Natural,Latam,dark,70,False,False,True,False,False,espresso,espresso,0
741,Natural,Latam,dark,60,False,False,True,False,False,espresso,espresso,0
742,Fermented,Africa,dark,30,False,True,False,False,True,espresso,espresso,0
743,Fermented,Asia,dark,70,False,False,False,False,False,espresso,espresso,0
744,Natural,Latam,dark,70,False,False,True,False,False,espresso,espresso,0
745,Washed,Mixed,dark,100,True,True,False,False,False,espresso,espresso,0
746,Fermented,Mixed,dark,100,True,True,False,False,True,espresso,espresso,0
747,Natural,Africa,medium,90,False,False,True,False,False,espresso,espresso,0
748,Washed,Mixed,medium,100,True,True,False,False,False,espresso,espresso,0
749,Natural,Africa,medium,85,False,False,True,False,False,espresso,espresso,0
750,Washed,Latam,dark,100,True,True,False,False,False,espresso,espresso,0
751,Washed,Latam,medium,100,True,True,False,False,False,espresso,espresso,0
752,Hybrid,Mixed,medium,100,True,True,True,False,False,espresso,espresso,0
753,Washed,Latam,medium,100,True,True,False,False,False,espresso,espresso,0
754,Natural,Africa,medium,60,False,False,True,False,False,espresso,espresso,0
755,Natural,Africa,medium,80,False,False,True,False,False,espresso,espresso,0
756,Natural,Mixed,medium,100,True,False,True,False,False,espresso,espresso,0
757,Fermented,Latam,medium,100,True,False,False,False,False,espresso,espresso,0
758,Hybrid,Mixed,medium,100,True,True,True,False,False,espresso,espresso,0
759,Washed,Latam,medium,100,True,True,False,False,False,espresso,espresso,0
760,Fermented,Mixed,dark,100,True,True,False,False,True,espresso,espresso,0
761,Fermented,Mixed,dark,100,True,True,False,False,True,espresso,espresso,0
762,Washed,Mixed,medium,100,True,True,False,False,False,espresso,espresso,0
763,Hybrid,Latam,medium,100,True,True,True,False,False,espresso,espresso,0
764,Hybrid,Latam,medium,100,True,True,True,False,False,espresso,espresso,0
765,Washed,Latam,medium,100,True,True,False,False,False,espresso,espresso,0
766,Natural,Africa,medium,100,True,False,True,False,False,espresso,espresso,0
767,Natural,Africa,medium,100,True,False,True,False,False,espresso,espresso,0
768,Washed,Africa,medium,100,True,True,False,False,False,espresso,espresso,0
769,Natural,Mixed,medium,100,True,False,True,False,False,espresso,espresso,0
770,Natural,Mixed,medium,100,True,False,True,False,False,espresso,espresso,0
771,Natural,Mixed,medium,100,True,False,True,False,False,espresso,espresso,0
772,Natural,Latam,medium,100,True,False,True,False,False,espresso,espresso,0
773,Natural,Latam,medium,100,True,False,True,False,False,espresso,espresso,0
774,Washed,Mixed,medium,100,True,True,False,False,False,espresso,espresso,0
775,Natural,Latam,medium,100,True,False,True,False,False,espresso,espresso,0
776,Natural,Latam,dark,84,False,False,True,False,False,espresso,espresso,0
777,Hybrid,Mixed,dark,95,False,True,True,False,False,espresso,espresso,0
778,Hybrid,Mixed,dark,95,False,True,True,False,False,espresso,espresso,0
779,Fermented,Asia,dark,70,False,False,False,False,False,espresso,espresso,0
780,Fermented,Mixed,dark,80,False,False,False,False,False,espresso,espresso,0
781,Hybrid,Latam,medium,100,True,True,True,False,False,espresso,espresso,0
782,Hybrid,Mixed,medium,100,True,True,True,False,False,espresso,espresso,0
783,Natural,Latam,dark,40,False,False,True,False,False,espresso,espresso,0
784,Natural,Africa,medium,30,False,False,True,False,False,espresso,espresso,0
785,Hybrid,Mixed,medium,50,False,True,True,False,False,espresso,espresso,0
786,Natural,Latam,dark,70,False,False,True,False,False,espresso,espresso,0
787,Fermented,Mixed,dark,0,False,True,False,False,True,espresso,espresso,0
788,Semi-washed,Latam,dark,100,True,True,False,True,False,espresso,espresso,0
789,Washed,Latam,dark,100,True,True,False,False,False,espresso,espresso,0
790,Natural,Africa,dark,100,True,False,True,False,False,espresso,espresso,0
791,Washed,Mixed,dark,100,True,True,False,False,False,espresso,espresso,0
792,Washed,Mixed,dark,75,False,True,False,False,False,espresso,espresso,0
793,Natural,Mixed,dark,80,False,False,True,False,False,espresso,espresso,0
794,Natural,Latam,dark,40,False,False,True,False,False,espresso,espresso,0
795,Fermented,Mixed,dark,100,True,True,False,False,True,espresso,espresso,0
796,Fermented,Mixed,dark,100,True,True,False,False,True,espresso,espresso,0
797,Natural,Africa,medium,80,False,False,True,False,False,espresso,espresso,0
798,Hybrid,Mixed,dark,90,False,True,True,False,False,espresso,espresso,0
799,Fermented,Mixed,dark,100,True,True,False,False,True,espresso,espresso,0
800,Fermented,Mixed,dark,100,True,True,False,False,True,espresso,espresso,0
801,Washed,Latam,medium,100,True,True,False,False,False,espresso,espresso,0
802,Natural,Latam,medium,100,True,False,True,False,False,espresso,espresso,0
803,Fermented,Mixed,dark,100,True,True,False,False,True,espresso,espresso,0
804,Natural,Latam,dark,60,False,False,True,False,False,espresso,espresso,0
806,Washed,Mixed,dark,30,False,True,False,False,False,espresso,espresso,0
807,Washed,Mixed,dark,30,False,True,False,False,False,espresso,espresso,0
808,Natural,Latam,medium,100,True,False,True,False,False,espresso,espresso,0
809,Fermented,Mixed,dark,80,False,False,False,False,False,espresso,espresso,0
810,Natural,Latam,medium,100,True,False,True,False,False,espresso,espresso,0
811,Natural,Latam,medium,100,True,False,True,False,False,espresso,espresso,0
812,Fermented,Mixed,dark,100,True,True,False,False,True,espresso,espresso,0
813,Washed,Latam,medium,100,True,True,False,False,False,espresso,espresso,0
814,Washed,Latam,medium,100,True,True,False,False,False,espresso,espresso,0
815,Natural,Africa,medium,100,True,False,True,False,False,espresso,espresso,0
816,Washed,Latam,medium,100,True,True,False,False,False,espresso,espresso,0
817,Natural,Mixed,dark,80,False,False,True,False,False,espresso,espresso,0
818,Natural,Latam,dark,60,False,False,True,False,False,espresso,espresso,0
819,Washed,Latam,dark,100,True,True,False,False,False,espresso,espresso,0
820,Fermented,Mixed,dark,100,True,True,False,False,True,espresso,espresso,0
821,Washed,Latam,dark,100,True,True,False,False,False,espresso,espresso,0
822,Fermented,Mixed,dark,78,False,True,False,False,True,espresso,espresso,0
823,Hybrid,Latam,dark,85,False,True,True,False,False,espresso,espresso,0
824,Washed,Latam,dark,100,True,True,False,False,False,espresso,espresso,0
825,Washed,Latam,dark,100,True,True,False,False,False,espresso,espresso,0
826,Fermented,Mixed,dark,100,True,True,False,False,True,espresso,espresso,0
827,Fermented,Mixed,dark,100,True,True,False,False,True,espresso,espresso,0
828,Washed,Latam,dark,100,True,True,False,False,False,espresso,espresso,0
829,Washed,Mixed,dark,75,False,True,False,False,False,espresso,espresso,0
830,Fermented,Latam,dark,100,True,False,False,False,False,espresso,espresso,0
831,Washed,Africa,medium,100,True,True,False,False,False,espresso,espresso,0
832,Washed,Latam,medium,100,True,True,False,False,False,espresso,espresso,0
833,Fermented,Latam,medium,100,True,False,False,False,True,espresso,espresso,0
834,Natural,Latam,medium,100,True,False,True,False,False,espresso,espresso,0
835,Hybrid,Asia,dark,55,False,True,True,False,False,espresso,espresso,0
836,Honey,Asia,medium,0,False,True,True,True,False,espresso,espresso,0
837,Washed,Latam,medium,100,True,True,False,False,False,espresso,espresso,0
838,Washed,Latam,medium,100,True,True,False,False,False,espresso,espresso,0
839,Washed,Latam,medium,100,True,True,False,False,False,espresso,espresso,0
840,Natural,Africa,medium,100,True,False,True,False,False,espresso,espresso,0
841,Natural,Latam,medium,100,True,False,True,False,False,espresso,espresso,0
842,Washed,Africa,medium,100,True,True,False,False,False,espresso,espresso,0
843,Washed,Latam,medium,100,True,True,False,False,False,espresso,espresso,0
844,Washed,Latam,medium,100,True,True,False,False,False,espresso,espresso,0
845,Natural,Latam,medium,100,True,False,True,False,False,espresso,espresso,0
846,Washed,Latam,medium,100,True,True,False,False,False,espresso,espresso,0
847,Washed,Latam,medium,100,True,True,False,False,False,espresso,espresso,0
848,Natural,Latam,dark,90,False,False,True,False,False,espresso,espresso,0
849,Hybrid,Mixed,medium,100,True,True,True,False,False,espresso,espresso,0
850,Natural,Africa,medium,80,False,False,True,False,False,espresso,espresso,0
851,Natural,Africa,medium,80,False,False,True,False,False,espresso,espresso,0
852,Washed,Mixed,dark,100,True,True,False,False,False,espresso,espresso,0
853,Washed,Mixed,dark,100,True,True,False,False,False,espresso,espresso,0
854,Fermented,Latam,light,0,False,False,False,False,False,"drip, espresso",drip,1
855,Fermented,Latam,light,0,False,False,False,False,False,"drip, espresso",drip,1
856,Fermented,Latam,light,0,False,False,False,False,False,"drip, espresso",drip,1
857,Honey,Latam,light,100,True,True,True,False,True,drip,drip,1
858,Washed,Mixed,dark,100,True,True,False,False,False,espresso,espresso,0
859,Natural,Latam,light,30,False,False,True,False,False,espresso,espresso,0
860,Fermented,Latam,light,100,True,False,False,False,False,drip,drip,1
861,Natural,Latam,light,30,False,False,True,False,False,espresso,espresso,0
862,Hybrid,Latam,light,100,True,True,True,False,False,drip,drip,1
863,Washed,Latam,light,100,True,True,False,False,False,drip,drip,1
864,Washed,Latam,light,100,True,True,False,False,False,drip,drip,1
